time_utc,gpu,name,power_w,utilization_percent,memory_mib
2026-09-25T19:49:33.863502+00:00,0,NVIDIA L40S,111.25,0,0
2026-09-25T19:49:38.890370+00:00,0,NVIDIA L40S,86.05,0,2889
2026-09-25T19:49:43.914094+00:00,0,NVIDIA L40S,148.03,0,5627
2026-09-25T19:49:48.937686+00:00,0,NVIDIA L40S,84.66,0,5627
2026-09-25T19:49:53.966142+00:00,0,NVIDIA L40S,326.98,99,17979
2026-09-25T19:49:58.994880+00:00,0,NVIDIA L40S,330.11,100,17979
2026-09-25T19:50:04.024976+00:00,0,NVIDIA L40S,326.09,99,17979
2026-09-25T19:50:09.054725+00:00,0,NVIDIA L40S,330.86,99,17979
2026-09-25T19:50:14.083582+00:00,0,NVIDIA L40S,333.38,99,17979
2026-09-25T19:50:19.114039+00:00,0,NVIDIA L40S,333.74,100,17979
2026-09-25T19:50:24.144998+00:00,0,NVIDIA L40S,332.73,100,17979
2026-09-25T19:50:29.174821+00:00,0,NVIDIA L40S,325.92,99,17979
2026-09-25T19:50:34.201977+00:00,0,NVIDIA L40S,328.04,99,17979
2026-09-25T19:50:39.230395+00:00,0,NVIDIA L40S,329.58,99,17979
2026-09-25T19:50:44.261208+00:00,0,NVIDIA L40S,331.12,100,17979
2026-09-25T19:50:49.293221+00:00,0,NVIDIA L40S,331.63,100,17979
2026-09-25T19:50:54.322347+00:00,0,NVIDIA L40S,334.08,99,17979
2026-09-25T19:50:59.351425+00:00,0,NVIDIA L40S,306.76,99,17979
2026-09-25T19:51:04.381379+00:00,0,NVIDIA L40S,329.10,99,17979
2026-09-25T19:51:09.411159+00:00,0,NVIDIA L40S,333.91,100,17979
2026-09-25T19:51:14.441191+00:00,0,NVIDIA L40S,335.97,99,17979
2026-09-25T19:51:19.471969+00:00,0,NVIDIA L40S,336.83,99,17979
2026-09-25T19:51:24.498216+00:00,0,NVIDIA L40S,338.46,99,17979
2026-09-25T19:51:29.528888+00:00,0,NVIDIA L40S,327.93,100,17979
2026-09-25T19:51:34.560351+00:00,0,NVIDIA L40S,338.95,99,17979
2026-09-25T19:51:39.590366+00:00,0,NVIDIA L40S,332.92,99,17979
2026-09-25T19:51:44.619433+00:00,0,NVIDIA L40S,323.46,100,17979
2026-09-25T19:51:49.651322+00:00,0,NVIDIA L40S,330.77,100,17979
2026-09-25T19:51:54.680767+00:00,0,NVIDIA L40S,339.91,100,17979
2026-09-25T19:51:59.711144+00:00,0,NVIDIA L40S,331.06,100,17979
2026-09-25T19:52:04.741464+00:00,0,NVIDIA L40S,337.11,99,17979
2026-09-25T19:52:09.774111+00:00,0,NVIDIA L40S,333.04,100,17979
2026-09-25T19:52:14.802297+00:00,0,NVIDIA L40S,337.24,99,17979
2026-09-25T19:52:19.832592+00:00,0,NVIDIA L40S,334.95,99,17979
2026-09-25T19:52:24.863524+00:00,0,NVIDIA L40S,337.08,99,17979
2026-09-25T19:52:29.895928+00:00,0,NVIDIA L40S,345.94,99,17979
2026-09-25T19:52:34.928599+00:00,0,NVIDIA L40S,330.41,100,17979
2026-09-25T19:52:39.959163+00:00,0,NVIDIA L40S,343.03,99,17979
2026-09-25T19:52:44.990737+00:00,0,NVIDIA L40S,333.73,100,17979
2026-09-25T19:52:50.021328+00:00,0,NVIDIA L40S,333.10,99,17979
2026-09-25T19:52:55.050386+00:00,0,NVIDIA L40S,328.70,100,17979
2026-09-25T19:53:00.080489+00:00,0,NVIDIA L40S,338.06,100,17979
2026-09-25T19:53:05.112339+00:00,0,NVIDIA L40S,331.22,99,17979
2026-09-25T19:53:10.141810+00:00,0,NVIDIA L40S,334.41,99,17979
2026-09-25T19:53:15.170010+00:00,0,NVIDIA L40S,338.68,99,17979
2026-09-25T19:53:20.202293+00:00,0,NVIDIA L40S,333.59,100,17979
2026-09-25T19:53:25.230947+00:00,0,NVIDIA L40S,338.77,100,17979
2026-09-25T19:53:30.261407+00:00,0,NVIDIA L40S,332.37,100,17979
2026-09-25T19:53:35.291214+00:00,0,NVIDIA L40S,334.47,99,17979
2026-09-25T19:53:40.321397+00:00,0,NVIDIA L40S,332.18,99,17979
2026-09-25T19:53:45.351919+00:00,0,NVIDIA L40S,330.40,99,17979
2026-09-25T19:53:50.382556+00:00,0,NVIDIA L40S,338.23,99,17979
2026-09-25T19:53:55.410349+00:00,0,NVIDIA L40S,332.47,100,17979
2026-09-25T19:54:00.440682+00:00,0,NVIDIA L40S,342.89,99,17979
2026-09-25T19:54:05.472975+00:00,0,NVIDIA L40S,332.46,100,17979
2026-09-25T19:54:10.501092+00:00,0,NVIDIA L40S,341.05,100,17979
2026-09-25T19:54:15.532889+00:00,0,NVIDIA L40S,333.94,100,17979
2026-09-25T19:54:20.563217+00:00,0,NVIDIA L40S,340.14,99,17979
2026-09-25T19:54:25.593872+00:00,0,NVIDIA L40S,327.61,99,17979
2026-09-25T19:54:30.623242+00:00,0,NVIDIA L40S,335.67,99,17979
2026-09-25T19:54:35.652683+00:00,0,NVIDIA L40S,334.84,99,17979
2026-09-25T19:54:40.683383+00:00,0,NVIDIA L40S,330.55,100,17979
2026-09-25T19:54:45.713990+00:00,0,NVIDIA L40S,335.94,99,17979
2026-09-25T19:54:50.743317+00:00,0,NVIDIA L40S,330.99,100,17979
2026-09-25T19:54:55.773106+00:00,0,NVIDIA L40S,338.01,99,17979
2026-09-25T19:55:00.806533+00:00,0,NVIDIA L40S,329.07,100,17979
2026-09-25T19:55:05.835972+00:00,0,NVIDIA L40S,337.08,99,17979
2026-09-25T19:55:10.866660+00:00,0,NVIDIA L40S,340.26,99,17979
2026-09-25T19:55:15.896105+00:00,0,NVIDIA L40S,332.16,99,17979
2026-09-25T19:55:20.924119+00:00,0,NVIDIA L40S,337.47,100,17979
2026-09-25T19:55:25.951634+00:00,0,NVIDIA L40S,334.17,100,17979
2026-09-25T19:55:30.982673+00:00,0,NVIDIA L40S,345.33,100,17979
2026-09-25T19:55:36.011813+00:00,0,NVIDIA L40S,329.51,100,17979
2026-09-25T19:55:41.039439+00:00,0,NVIDIA L40S,335.06,99,17979
2026-09-25T19:55:46.070487+00:00,0,NVIDIA L40S,332.76,100,17979
2026-09-25T19:55:51.099567+00:00,0,NVIDIA L40S,340.24,99,17979
2026-09-25T19:55:56.126523+00:00,0,NVIDIA L40S,331.69,99,17979
2026-09-25T19:56:01.158059+00:00,0,NVIDIA L40S,336.02,100,17979
2026-09-25T19:56:06.187908+00:00,0,NVIDIA L40S,337.13,100,17979
2026-09-25T19:56:11.216175+00:00,0,NVIDIA L40S,328.82,99,17979
2026-09-25T19:56:16.246216+00:00,0,NVIDIA L40S,301.73,100,17979
2026-09-25T19:56:21.277428+00:00,0,NVIDIA L40S,333.27,100,17979
2026-09-25T19:56:26.307833+00:00,0,NVIDIA L40S,339.29,99,17979
2026-09-25T19:56:31.339079+00:00,0,NVIDIA L40S,329.51,100,17979
2026-09-25T19:56:36.369349+00:00,0,NVIDIA L40S,335.74,99,17979
2026-09-25T19:56:41.399667+00:00,0,NVIDIA L40S,336.66,99,17979
2026-09-25T19:56:46.430169+00:00,0,NVIDIA L40S,330.84,100,17979
2026-09-25T19:56:51.458887+00:00,0,NVIDIA L40S,331.80,99,17979
2026-09-25T19:56:56.489364+00:00,0,NVIDIA L40S,332.33,99,17979
2026-09-25T19:57:01.520590+00:00,0,NVIDIA L40S,326.18,100,17979
2026-09-25T19:57:06.552613+00:00,0,NVIDIA L40S,340.90,99,17979
2026-09-25T19:57:11.580886+00:00,0,NVIDIA L40S,332.86,99,17979
2026-09-25T19:57:16.613874+00:00,0,NVIDIA L40S,337.35,100,17979
2026-09-25T19:57:21.642626+00:00,0,NVIDIA L40S,330.45,99,17979
2026-09-25T19:57:26.673213+00:00,0,NVIDIA L40S,334.83,100,17979
2026-09-25T19:57:31.701762+00:00,0,NVIDIA L40S,331.57,99,17979
2026-09-25T19:57:36.731498+00:00,0,NVIDIA L40S,338.10,100,17979
2026-09-25T19:57:41.762750+00:00,0,NVIDIA L40S,332.85,100,17979
2026-09-25T19:57:46.790319+00:00,0,NVIDIA L40S,327.56,99,17979
2026-09-25T19:57:51.821104+00:00,0,NVIDIA L40S,331.77,100,17979
2026-09-25T19:57:56.848860+00:00,0,NVIDIA L40S,331.55,100,17979
2026-09-25T19:58:01.878247+00:00,0,NVIDIA L40S,338.99,99,17979
2026-09-25T19:58:06.910423+00:00,0,NVIDIA L40S,329.84,100,17979
2026-09-25T19:58:11.943304+00:00,0,NVIDIA L40S,323.53,100,17979
2026-09-25T19:58:16.972465+00:00,0,NVIDIA L40S,333.28,100,17979
2026-09-25T19:58:22.001813+00:00,0,NVIDIA L40S,338.10,99,17979
2026-09-25T19:58:27.034579+00:00,0,NVIDIA L40S,326.74,100,17979
2026-09-25T19:58:32.064979+00:00,0,NVIDIA L40S,324.84,100,17979
2026-09-25T19:58:37.094375+00:00,0,NVIDIA L40S,335.92,99,17979
2026-09-25T19:58:42.124202+00:00,0,NVIDIA L40S,332.47,100,17979
2026-09-25T19:58:47.154077+00:00,0,NVIDIA L40S,336.15,100,17979
2026-09-25T19:58:52.183816+00:00,0,NVIDIA L40S,332.25,99,17979
2026-09-25T19:58:57.215038+00:00,0,NVIDIA L40S,333.84,100,17979
2026-09-25T19:59:02.246387+00:00,0,NVIDIA L40S,341.46,100,17979
2026-09-25T19:59:07.273374+00:00,0,NVIDIA L40S,333.24,99,17979
2026-09-25T19:59:12.303428+00:00,0,NVIDIA L40S,335.82,100,17979
2026-09-25T19:59:17.333877+00:00,0,NVIDIA L40S,338.75,100,17979
2026-09-25T19:59:22.363567+00:00,0,NVIDIA L40S,328.31,100,17979
2026-09-25T19:59:27.394643+00:00,0,NVIDIA L40S,342.07,100,17979
2026-09-25T19:59:32.423876+00:00,0,NVIDIA L40S,330.16,100,17979
2026-09-25T19:59:37.454483+00:00,0,NVIDIA L40S,330.42,100,17979
2026-09-25T19:59:42.484920+00:00,0,NVIDIA L40S,332.67,99,17979
2026-09-25T19:59:47.515834+00:00,0,NVIDIA L40S,336.95,99,17979
2026-09-25T19:59:52.545908+00:00,0,NVIDIA L40S,327.30,100,17979
2026-09-25T19:59:57.575158+00:00,0,NVIDIA L40S,339.22,99,17979
2026-09-25T20:00:02.605373+00:00,0,NVIDIA L40S,341.00,100,17979
2026-09-25T20:00:07.635515+00:00,0,NVIDIA L40S,328.91,100,17979
2026-09-25T20:00:12.665153+00:00,0,NVIDIA L40S,337.29,99,17979
2026-09-25T20:00:17.693798+00:00,0,NVIDIA L40S,329.07,100,17979
2026-09-25T20:00:22.724060+00:00,0,NVIDIA L40S,339.38,100,17979
2026-09-25T20:00:27.755931+00:00,0,NVIDIA L40S,338.50,100,17979
2026-09-25T20:00:32.786320+00:00,0,NVIDIA L40S,327.08,99,17979
2026-09-25T20:00:37.816731+00:00,0,NVIDIA L40S,327.90,99,17979
2026-09-25T20:00:42.846767+00:00,0,NVIDIA L40S,332.49,100,17979
2026-09-25T20:00:47.876731+00:00,0,NVIDIA L40S,342.01,99,17979
2026-09-25T20:00:52.907630+00:00,0,NVIDIA L40S,327.38,99,17979
2026-09-25T20:00:57.938503+00:00,0,NVIDIA L40S,339.75,100,17979
2026-09-25T20:01:02.969176+00:00,0,NVIDIA L40S,330.15,99,17979
2026-09-25T20:01:07.999467+00:00,0,NVIDIA L40S,338.03,99,17979
2026-09-25T20:01:13.029770+00:00,0,NVIDIA L40S,337.71,99,17979
2026-09-25T20:01:18.058590+00:00,0,NVIDIA L40S,327.69,100,17979
2026-09-25T20:01:23.088914+00:00,0,NVIDIA L40S,343.64,99,17979
2026-09-25T20:01:28.119255+00:00,0,NVIDIA L40S,329.76,100,17979
2026-09-25T20:01:33.149192+00:00,0,NVIDIA L40S,330.71,100,17979
2026-09-25T20:01:38.178979+00:00,0,NVIDIA L40S,339.96,100,17979
2026-09-25T20:01:43.206257+00:00,0,NVIDIA L40S,330.03,99,17979
2026-09-25T20:01:48.235550+00:00,0,NVIDIA L40S,336.96,100,17979
2026-09-25T20:01:53.267084+00:00,0,NVIDIA L40S,327.43,100,17979
2026-09-25T20:01:58.294947+00:00,0,NVIDIA L40S,333.82,99,17979
2026-09-25T20:02:03.328464+00:00,0,NVIDIA L40S,334.90,100,17979
2026-09-25T20:02:08.359531+00:00,0,NVIDIA L40S,330.25,99,17979
2026-09-25T20:02:13.389268+00:00,0,NVIDIA L40S,332.96,99,17979
2026-09-25T20:02:18.420119+00:00,0,NVIDIA L40S,333.20,99,17979
2026-09-25T20:02:23.450653+00:00,0,NVIDIA L40S,337.01,100,17979
2026-09-25T20:02:28.480329+00:00,0,NVIDIA L40S,332.84,100,17979
2026-09-25T20:02:33.510665+00:00,0,NVIDIA L40S,338.26,100,17979
2026-09-25T20:02:38.542615+00:00,0,NVIDIA L40S,334.18,100,17979
2026-09-25T20:02:43.572826+00:00,0,NVIDIA L40S,330.85,100,17979
2026-09-25T20:02:48.603763+00:00,0,NVIDIA L40S,331.09,99,17979
2026-09-25T20:02:53.633891+00:00,0,NVIDIA L40S,335.59,100,17979
2026-09-25T20:02:58.664390+00:00,0,NVIDIA L40S,331.41,100,17979
2026-09-25T20:03:03.694429+00:00,0,NVIDIA L40S,329.20,100,17979
2026-09-25T20:03:08.722597+00:00,0,NVIDIA L40S,331.25,99,17979
2026-09-25T20:03:13.751724+00:00,0,NVIDIA L40S,332.26,100,17979
2026-09-25T20:03:18.782101+00:00,0,NVIDIA L40S,332.57,100,17979
2026-09-25T20:03:23.812456+00:00,0,NVIDIA L40S,337.10,99,17979
2026-09-25T20:03:28.841085+00:00,0,NVIDIA L40S,336.36,99,17979
2026-09-25T20:03:33.871874+00:00,0,NVIDIA L40S,328.96,100,17979
2026-09-25T20:03:38.901698+00:00,0,NVIDIA L40S,337.83,99,17979
2026-09-25T20:03:43.931902+00:00,0,NVIDIA L40S,327.81,100,17979
2026-09-25T20:03:48.963274+00:00,0,NVIDIA L40S,323.91,99,17979
2026-09-25T20:03:53.994838+00:00,0,NVIDIA L40S,335.58,100,17979
2026-09-25T20:03:59.022587+00:00,0,NVIDIA L40S,327.30,100,17979
2026-09-25T20:04:04.052641+00:00,0,NVIDIA L40S,332.98,99,17979
2026-09-25T20:04:09.082471+00:00,0,NVIDIA L40S,337.81,100,17979
2026-09-25T20:04:14.113016+00:00,0,NVIDIA L40S,340.99,99,17979
2026-09-25T20:04:19.140826+00:00,0,NVIDIA L40S,329.68,99,17979
2026-09-25T20:04:24.171843+00:00,0,NVIDIA L40S,335.85,100,17979
2026-09-25T20:04:29.203611+00:00,0,NVIDIA L40S,336.18,99,17979
2026-09-25T20:04:34.234961+00:00,0,NVIDIA L40S,337.84,100,17979
2026-09-25T20:04:39.263909+00:00,0,NVIDIA L40S,328.28,99,17979
2026-09-25T20:04:44.292773+00:00,0,NVIDIA L40S,335.13,100,17979
2026-09-25T20:04:49.323010+00:00,0,NVIDIA L40S,328.32,100,17979
2026-09-25T20:04:54.351431+00:00,0,NVIDIA L40S,332.04,99,17979
2026-09-25T20:04:59.383877+00:00,0,NVIDIA L40S,331.31,99,17979
2026-09-25T20:05:04.413981+00:00,0,NVIDIA L40S,337.52,100,17979
2026-09-25T20:05:09.443600+00:00,0,NVIDIA L40S,330.97,100,17979
2026-09-25T20:05:14.473023+00:00,0,NVIDIA L40S,337.90,100,17979
2026-09-25T20:05:19.503162+00:00,0,NVIDIA L40S,338.04,100,17979
2026-09-25T20:05:24.530432+00:00,0,NVIDIA L40S,329.12,100,17979
2026-09-25T20:05:29.558118+00:00,0,NVIDIA L40S,335.90,99,17979
2026-09-25T20:05:34.589494+00:00,0,NVIDIA L40S,330.34,100,17979
2026-09-25T20:05:39.620348+00:00,0,NVIDIA L40S,334.55,100,17979
2026-09-25T20:05:44.649837+00:00,0,NVIDIA L40S,335.33,99,17979
2026-09-25T20:05:49.679063+00:00,0,NVIDIA L40S,336.91,100,17979
2026-09-25T20:05:54.708114+00:00,0,NVIDIA L40S,332.07,100,17979
2026-09-25T20:05:59.736390+00:00,0,NVIDIA L40S,338.04,99,17979
2026-09-25T20:06:04.764113+00:00,0,NVIDIA L40S,340.07,99,17979
2026-09-25T20:06:09.793665+00:00,0,NVIDIA L40S,327.16,99,17979
2026-09-25T20:06:14.823191+00:00,0,NVIDIA L40S,337.42,100,17979
2026-09-25T20:06:19.852133+00:00,0,NVIDIA L40S,332.73,100,17979
2026-09-25T20:06:24.880427+00:00,0,NVIDIA L40S,331.01,100,17979
2026-09-25T20:06:29.912004+00:00,0,NVIDIA L40S,331.98,100,17979
2026-09-25T20:06:34.941065+00:00,0,NVIDIA L40S,339.59,99,17979
2026-09-25T20:06:39.970336+00:00,0,NVIDIA L40S,328.82,100,17979
2026-09-25T20:06:45.004073+00:00,0,NVIDIA L40S,333.20,100,17979
2026-09-25T20:06:50.035082+00:00,0,NVIDIA L40S,336.61,100,17979
2026-09-25T20:06:55.066272+00:00,0,NVIDIA L40S,330.70,99,17979
2026-09-25T20:07:00.096646+00:00,0,NVIDIA L40S,333.29,99,17979
2026-09-25T20:07:05.126916+00:00,0,NVIDIA L40S,333.74,100,17979
2026-09-25T20:07:10.156904+00:00,0,NVIDIA L40S,333.29,99,17979
2026-09-25T20:07:15.186599+00:00,0,NVIDIA L40S,332.29,99,17979
2026-09-25T20:07:20.216649+00:00,0,NVIDIA L40S,330.54,99,17979
2026-09-25T20:07:25.245397+00:00,0,NVIDIA L40S,335.03,100,17979
2026-09-25T20:07:30.274557+00:00,0,NVIDIA L40S,331.11,100,17979
2026-09-25T20:07:35.304304+00:00,0,NVIDIA L40S,328.52,99,17979
2026-09-25T20:07:40.334738+00:00,0,NVIDIA L40S,325.80,100,17979
2026-09-25T20:07:45.365665+00:00,0,NVIDIA L40S,330.26,99,17979
2026-09-25T20:07:50.395841+00:00,0,NVIDIA L40S,338.62,100,17979
2026-09-25T20:07:55.424504+00:00,0,NVIDIA L40S,324.42,100,17979
2026-09-25T20:08:00.454574+00:00,0,NVIDIA L40S,329.97,100,17979
2026-09-25T20:08:05.484130+00:00,0,NVIDIA L40S,326.31,100,17979
2026-09-25T20:08:10.515930+00:00,0,NVIDIA L40S,337.35,100,17979
2026-09-25T20:08:15.545486+00:00,0,NVIDIA L40S,337.85,100,17979
2026-09-25T20:08:20.573033+00:00,0,NVIDIA L40S,331.67,99,17979
2026-09-25T20:08:25.603153+00:00,0,NVIDIA L40S,329.23,100,17979
2026-09-25T20:08:30.633560+00:00,0,NVIDIA L40S,334.92,99,17979
2026-09-25T20:08:35.664241+00:00,0,NVIDIA L40S,330.03,99,17979
2026-09-25T20:08:40.689202+00:00,0,NVIDIA L40S,326.33,81,17979
2026-09-25T20:08:45.721713+00:00,0,NVIDIA L40S,325.12,100,17979
2026-09-25T20:08:50.753230+00:00,0,NVIDIA L40S,335.00,100,17979
2026-09-25T20:08:55.783885+00:00,0,NVIDIA L40S,333.17,99,17979
2026-09-25T20:09:00.814053+00:00,0,NVIDIA L40S,330.24,100,17979
2026-09-25T20:09:05.843951+00:00,0,NVIDIA L40S,329.38,99,17979
2026-09-25T20:09:10.873426+00:00,0,NVIDIA L40S,331.76,100,17979
2026-09-25T20:09:15.902028+00:00,0,NVIDIA L40S,337.83,99,17979
2026-09-25T20:09:20.932965+00:00,0,NVIDIA L40S,332.77,100,17979
2026-09-25T20:09:25.962860+00:00,0,NVIDIA L40S,331.96,80,17979
2026-09-25T20:09:30.993035+00:00,0,NVIDIA L40S,332.64,100,17979
2026-09-25T20:09:36.024517+00:00,0,NVIDIA L40S,338.28,99,17979
2026-09-25T20:09:41.055399+00:00,0,NVIDIA L40S,334.43,99,17979
2026-09-25T20:09:46.085318+00:00,0,NVIDIA L40S,327.21,100,17979
2026-09-25T20:09:51.115825+00:00,0,NVIDIA L40S,334.05,100,17979
2026-09-25T20:09:56.146347+00:00,0,NVIDIA L40S,341.87,99,17979
2026-09-25T20:10:01.175642+00:00,0,NVIDIA L40S,338.54,99,17979
2026-09-25T20:10:06.207639+00:00,0,NVIDIA L40S,330.49,100,17979
2026-09-25T20:10:11.238994+00:00,0,NVIDIA L40S,332.09,99,17979
2026-09-25T20:10:16.269050+00:00,0,NVIDIA L40S,331.12,100,17979
2026-09-25T20:10:21.299940+00:00,0,NVIDIA L40S,326.18,99,17979
2026-09-25T20:10:26.328599+00:00,0,NVIDIA L40S,337.86,100,17979
2026-09-25T20:10:31.359697+00:00,0,NVIDIA L40S,338.51,100,17979
2026-09-25T20:10:36.389390+00:00,0,NVIDIA L40S,337.66,100,17979
2026-09-25T20:10:41.419005+00:00,0,NVIDIA L40S,330.51,100,17979
2026-09-25T20:10:46.449338+00:00,0,NVIDIA L40S,334.35,99,17979
2026-09-25T20:10:51.479241+00:00,0,NVIDIA L40S,336.95,100,17979
2026-09-25T20:10:56.508187+00:00,0,NVIDIA L40S,336.01,100,17979
2026-09-25T20:11:01.538529+00:00,0,NVIDIA L40S,325.88,100,17979
2026-09-25T20:11:06.568799+00:00,0,NVIDIA L40S,335.83,100,17979
2026-09-25T20:11:11.601077+00:00,0,NVIDIA L40S,337.68,100,17979
2026-09-25T20:11:16.629001+00:00,0,NVIDIA L40S,330.98,99,17979
2026-09-25T20:11:21.659366+00:00,0,NVIDIA L40S,331.76,99,17979
2026-09-25T20:11:26.689813+00:00,0,NVIDIA L40S,336.32,100,17979
2026-09-25T20:11:31.722203+00:00,0,NVIDIA L40S,330.88,100,17979
2026-09-25T20:11:36.751186+00:00,0,NVIDIA L40S,328.51,99,17979
2026-09-25T20:11:41.780040+00:00,0,NVIDIA L40S,288.80,99,17979
2026-09-25T20:11:46.810471+00:00,0,NVIDIA L40S,331.81,99,17979
2026-09-25T20:11:51.843490+00:00,0,NVIDIA L40S,334.79,100,17979
2026-09-25T20:11:56.873476+00:00,0,NVIDIA L40S,328.92,99,17979
2026-09-25T20:12:01.902691+00:00,0,NVIDIA L40S,327.05,99,17979
2026-09-25T20:12:06.934028+00:00,0,NVIDIA L40S,330.32,99,17979
2026-09-25T20:12:11.965220+00:00,0,NVIDIA L40S,337.98,100,17979
2026-09-25T20:12:16.995861+00:00,0,NVIDIA L40S,328.27,100,17979
2026-09-25T20:12:22.026951+00:00,0,NVIDIA L40S,331.36,99,17979
2026-09-25T20:12:27.054186+00:00,0,NVIDIA L40S,286.03,99,17979
2026-09-25T20:12:32.085315+00:00,0,NVIDIA L40S,340.07,100,17979
2026-09-25T20:12:37.116122+00:00,0,NVIDIA L40S,330.56,99,17979
2026-09-25T20:12:42.147026+00:00,0,NVIDIA L40S,332.73,100,17979
2026-09-25T20:12:47.179093+00:00,0,NVIDIA L40S,339.20,100,17979
2026-09-25T20:12:52.211600+00:00,0,NVIDIA L40S,339.82,100,17979
2026-09-25T20:12:57.241955+00:00,0,NVIDIA L40S,326.89,99,17979
2026-09-25T20:13:02.271483+00:00,0,NVIDIA L40S,336.48,99,17979
2026-09-25T20:13:07.301923+00:00,0,NVIDIA L40S,330.34,100,17979
2026-09-25T20:13:12.332492+00:00,0,NVIDIA L40S,329.94,100,17979
2026-09-25T20:13:17.360802+00:00,0,NVIDIA L40S,331.34,100,17979
2026-09-25T20:13:22.390718+00:00,0,NVIDIA L40S,341.35,99,17979
2026-09-25T20:13:27.421222+00:00,0,NVIDIA L40S,330.15,100,17979
2026-09-25T20:13:32.452361+00:00,0,NVIDIA L40S,331.36,99,17979
2026-09-25T20:13:37.482824+00:00,0,NVIDIA L40S,334.95,99,17979
2026-09-25T20:13:42.513640+00:00,0,NVIDIA L40S,337.61,100,17979
2026-09-25T20:13:47.545654+00:00,0,NVIDIA L40S,333.29,99,17979
2026-09-25T20:13:52.576513+00:00,0,NVIDIA L40S,332.41,99,17979
2026-09-25T20:13:57.607484+00:00,0,NVIDIA L40S,320.44,99,17979
2026-09-25T20:14:02.636827+00:00,0,NVIDIA L40S,335.95,100,17979
2026-09-25T20:14:07.667471+00:00,0,NVIDIA L40S,329.37,100,17979
2026-09-25T20:14:12.695033+00:00,0,NVIDIA L40S,331.23,99,17979
2026-09-25T20:14:17.725268+00:00,0,NVIDIA L40S,339.63,100,17979
2026-09-25T20:14:22.756050+00:00,0,NVIDIA L40S,338.39,99,17979
2026-09-25T20:14:27.788510+00:00,0,NVIDIA L40S,333.07,100,17979
2026-09-25T20:14:32.817728+00:00,0,NVIDIA L40S,329.75,99,17979
2026-09-25T20:14:37.847608+00:00,0,NVIDIA L40S,337.94,99,17979
2026-09-25T20:14:42.877464+00:00,0,NVIDIA L40S,341.16,99,17979
2026-09-25T20:14:47.910202+00:00,0,NVIDIA L40S,326.85,100,17979
2026-09-25T20:14:52.939381+00:00,0,NVIDIA L40S,332.36,100,17979
2026-09-25T20:14:57.969636+00:00,0,NVIDIA L40S,339.51,99,17979
2026-09-25T20:15:02.999592+00:00,0,NVIDIA L40S,327.84,100,17979
2026-09-25T20:15:08.029802+00:00,0,NVIDIA L40S,330.65,100,17979
2026-09-25T20:15:13.060177+00:00,0,NVIDIA L40S,339.16,99,17979
2026-09-25T20:15:18.090824+00:00,0,NVIDIA L40S,337.15,100,17979
2026-09-25T20:15:23.121445+00:00,0,NVIDIA L40S,329.55,99,17979
2026-09-25T20:15:28.150567+00:00,0,NVIDIA L40S,332.30,100,17979
2026-09-25T20:15:33.177216+00:00,0,NVIDIA L40S,336.87,99,17979
2026-09-25T20:15:38.207300+00:00,0,NVIDIA L40S,330.46,100,17979
2026-09-25T20:15:43.236608+00:00,0,NVIDIA L40S,333.02,100,17979
2026-09-25T20:15:48.264876+00:00,0,NVIDIA L40S,339.11,99,17979
2026-09-25T20:15:53.294405+00:00,0,NVIDIA L40S,334.42,99,17979
2026-09-25T20:15:58.324394+00:00,0,NVIDIA L40S,333.42,99,17979
2026-09-25T20:16:03.353960+00:00,0,NVIDIA L40S,328.14,100,17979
2026-09-25T20:16:08.383604+00:00,0,NVIDIA L40S,331.05,99,17979
2026-09-25T20:16:13.415310+00:00,0,NVIDIA L40S,334.11,100,17979
2026-09-25T20:16:18.444619+00:00,0,NVIDIA L40S,336.53,99,17979
2026-09-25T20:16:23.478268+00:00,0,NVIDIA L40S,329.74,100,17979
2026-09-25T20:16:28.509729+00:00,0,NVIDIA L40S,330.77,100,17979
2026-09-25T20:16:33.538688+00:00,0,NVIDIA L40S,336.30,99,17979
2026-09-25T20:16:38.566725+00:00,0,NVIDIA L40S,337.33,100,17979
2026-09-25T20:16:43.597403+00:00,0,NVIDIA L40S,334.92,100,17979
2026-09-25T20:16:48.626904+00:00,0,NVIDIA L40S,333.29,100,17979
2026-09-25T20:16:53.653155+00:00,0,NVIDIA L40S,331.45,99,17979
2026-09-25T20:16:58.680961+00:00,0,NVIDIA L40S,333.92,99,17979
2026-09-25T20:17:03.710260+00:00,0,NVIDIA L40S,341.19,100,17979
2026-09-25T20:17:08.740076+00:00,0,NVIDIA L40S,332.51,100,17979
2026-09-25T20:17:13.766261+00:00,0,NVIDIA L40S,332.42,99,17979
2026-09-25T20:17:18.797316+00:00,0,NVIDIA L40S,339.17,100,17979
2026-09-25T20:17:23.828693+00:00,0,NVIDIA L40S,338.44,100,17979
2026-09-25T20:17:28.860054+00:00,0,NVIDIA L40S,329.44,99,17979
2026-09-25T20:17:33.889463+00:00,0,NVIDIA L40S,335.21,99,17979
2026-09-25T20:17:38.921599+00:00,0,NVIDIA L40S,338.72,100,17979
2026-09-25T20:17:43.951997+00:00,0,NVIDIA L40S,336.17,100,17979
2026-09-25T20:17:48.981902+00:00,0,NVIDIA L40S,331.37,100,17979
2026-09-25T20:17:54.009734+00:00,0,NVIDIA L40S,335.42,99,17979
2026-09-25T20:17:59.042205+00:00,0,NVIDIA L40S,336.32,100,17979
2026-09-25T20:18:04.072961+00:00,0,NVIDIA L40S,332.47,100,17979
2026-09-25T20:18:09.105212+00:00,0,NVIDIA L40S,330.66,100,17979
2026-09-25T20:18:14.135888+00:00,0,NVIDIA L40S,333.34,99,17979
2026-09-25T20:18:19.166215+00:00,0,NVIDIA L40S,335.89,100,17979
2026-09-25T20:18:24.196833+00:00,0,NVIDIA L40S,330.81,100,17979
2026-09-25T20:18:29.227573+00:00,0,NVIDIA L40S,326.96,99,17979
2026-09-25T20:18:34.255100+00:00,0,NVIDIA L40S,335.62,100,17979
2026-09-25T20:18:39.285014+00:00,0,NVIDIA L40S,335.42,100,17979
2026-09-25T20:18:44.315887+00:00,0,NVIDIA L40S,329.97,100,17979
2026-09-25T20:18:49.345924+00:00,0,NVIDIA L40S,329.38,99,17979
2026-09-25T20:18:54.374667+00:00,0,NVIDIA L40S,327.75,99,17979
2026-09-25T20:18:59.404244+00:00,0,NVIDIA L40S,332.62,100,17979
2026-09-25T20:19:04.434400+00:00,0,NVIDIA L40S,340.56,99,17979
2026-09-25T20:19:09.463220+00:00,0,NVIDIA L40S,327.67,100,17979
2026-09-25T20:19:14.494089+00:00,0,NVIDIA L40S,330.02,99,17979
2026-09-25T20:19:19.524404+00:00,0,NVIDIA L40S,335.89,100,17979
2026-09-25T20:19:24.554579+00:00,0,NVIDIA L40S,339.15,100,17979
2026-09-25T20:19:29.581842+00:00,0,NVIDIA L40S,328.63,99,17979
2026-09-25T20:19:34.608710+00:00,0,NVIDIA L40S,339.48,100,17979
2026-09-25T20:19:39.638058+00:00,0,NVIDIA L40S,335.80,100,17979
2026-09-25T20:19:44.668057+00:00,0,NVIDIA L40S,328.61,100,17979
2026-09-25T20:19:49.695052+00:00,0,NVIDIA L40S,330.42,99,17979
2026-09-25T20:19:54.725579+00:00,0,NVIDIA L40S,337.78,100,17979
2026-09-25T20:19:59.755411+00:00,0,NVIDIA L40S,336.66,100,17979
2026-09-25T20:20:04.785630+00:00,0,NVIDIA L40S,333.29,100,17979
2026-09-25T20:20:09.814963+00:00,0,NVIDIA L40S,327.81,99,17979
2026-09-25T20:20:14.844308+00:00,0,NVIDIA L40S,330.55,99,17979
2026-09-25T20:20:19.873969+00:00,0,NVIDIA L40S,303.97,65,17979
2026-09-25T20:20:24.904266+00:00,0,NVIDIA L40S,337.92,100,17979
2026-09-25T20:20:29.935220+00:00,0,NVIDIA L40S,339.30,100,17979
2026-09-25T20:20:34.962850+00:00,0,NVIDIA L40S,329.64,99,17979
2026-09-25T20:20:39.994260+00:00,0,NVIDIA L40S,330.82,100,17979
2026-09-25T20:20:45.023795+00:00,0,NVIDIA L40S,331.86,99,17979
2026-09-25T20:20:50.054073+00:00,0,NVIDIA L40S,338.58,100,17979
2026-09-25T20:20:55.081829+00:00,0,NVIDIA L40S,326.73,100,17979
2026-09-25T20:21:00.110947+00:00,0,NVIDIA L40S,329.67,100,17979
2026-09-25T20:21:05.141093+00:00,0,NVIDIA L40S,295.28,80,17979
2026-09-25T20:21:10.172144+00:00,0,NVIDIA L40S,336.54,99,17979
2026-09-25T20:21:15.199892+00:00,0,NVIDIA L40S,333.71,100,17979
2026-09-25T20:21:20.232675+00:00,0,NVIDIA L40S,326.63,100,17979
2026-09-25T20:21:25.262927+00:00,0,NVIDIA L40S,331.65,100,17979
2026-09-25T20:21:30.292309+00:00,0,NVIDIA L40S,338.46,100,17979
2026-09-25T20:21:35.318883+00:00,0,NVIDIA L40S,342.27,99,17979
2026-09-25T20:21:40.348073+00:00,0,NVIDIA L40S,329.37,100,17979
2026-09-25T20:21:45.378289+00:00,0,NVIDIA L40S,332.30,100,17979
2026-09-25T20:21:50.406929+00:00,0,NVIDIA L40S,301.97,100,17979
2026-09-25T20:21:55.437161+00:00,0,NVIDIA L40S,332.12,100,17979
2026-09-25T20:22:00.464627+00:00,0,NVIDIA L40S,341.93,100,17979
2026-09-25T20:22:05.494824+00:00,0,NVIDIA L40S,335.90,100,17979
2026-09-25T20:22:10.524062+00:00,0,NVIDIA L40S,331.91,100,17979
2026-09-25T20:22:15.553701+00:00,0,NVIDIA L40S,334.76,99,17979
2026-09-25T20:22:20.581544+00:00,0,NVIDIA L40S,338.51,100,17979
2026-09-25T20:22:25.611745+00:00,0,NVIDIA L40S,328.80,100,17979
2026-09-25T20:22:30.641439+00:00,0,NVIDIA L40S,326.16,99,17979
2026-09-25T20:22:35.670435+00:00,0,NVIDIA L40S,301.51,99,17979
2026-09-25T20:22:40.699418+00:00,0,NVIDIA L40S,338.30,99,17979
2026-09-25T20:22:45.730317+00:00,0,NVIDIA L40S,338.21,100,17979
2026-09-25T20:22:50.762381+00:00,0,NVIDIA L40S,329.59,99,17979
2026-09-25T20:22:55.791405+00:00,0,NVIDIA L40S,333.60,99,17979
2026-09-25T20:23:00.819744+00:00,0,NVIDIA L40S,332.42,99,17979
2026-09-25T20:23:05.850466+00:00,0,NVIDIA L40S,336.95,100,17979
2026-09-25T20:23:10.879664+00:00,0,NVIDIA L40S,334.85,100,17979
2026-09-25T20:23:15.908307+00:00,0,NVIDIA L40S,329.16,99,17979
2026-09-25T20:23:20.936766+00:00,0,NVIDIA L40S,315.41,100,17979
2026-09-25T20:23:25.968698+00:00,0,NVIDIA L40S,328.73,100,17979
2026-09-25T20:23:31.001535+00:00,0,NVIDIA L40S,330.72,100,17979
2026-09-25T20:23:36.031453+00:00,0,NVIDIA L40S,337.87,100,17979
2026-09-25T20:23:41.063462+00:00,0,NVIDIA L40S,337.08,100,17979
2026-09-25T20:23:46.093588+00:00,0,NVIDIA L40S,338.06,100,17979
2026-09-25T20:23:51.124125+00:00,0,NVIDIA L40S,328.33,99,17979
2026-09-25T20:23:56.158377+00:00,0,NVIDIA L40S,333.61,100,17979
2026-09-25T20:24:01.191040+00:00,0,NVIDIA L40S,337.08,100,17979
2026-09-25T20:24:06.223316+00:00,0,NVIDIA L40S,341.09,99,17979
2026-09-25T20:24:11.253306+00:00,0,NVIDIA L40S,327.33,100,17979
2026-09-25T20:24:16.287866+00:00,0,NVIDIA L40S,331.63,100,17979
2026-09-25T20:24:21.316601+00:00,0,NVIDIA L40S,340.20,99,17979
2026-09-25T20:24:26.349439+00:00,0,NVIDIA L40S,328.65,100,17979
2026-09-25T20:24:31.382856+00:00,0,NVIDIA L40S,327.12,100,17979
2026-09-25T20:24:36.411267+00:00,0,NVIDIA L40S,333.20,99,17979
2026-09-25T20:24:41.440280+00:00,0,NVIDIA L40S,335.99,100,17979
2026-09-25T20:24:46.470931+00:00,0,NVIDIA L40S,328.92,100,17979
2026-09-25T20:24:51.500418+00:00,0,NVIDIA L40S,304.90,100,17979
2026-09-25T20:24:56.529835+00:00,0,NVIDIA L40S,329.05,99,17979
2026-09-25T20:25:01.560381+00:00,0,NVIDIA L40S,336.25,99,17979
2026-09-25T20:25:06.591663+00:00,0,NVIDIA L40S,335.75,100,17979
2026-09-25T20:25:11.621897+00:00,0,NVIDIA L40S,328.01,99,17979
2026-09-25T20:25:16.653253+00:00,0,NVIDIA L40S,332.10,100,17979
2026-09-25T20:25:21.682970+00:00,0,NVIDIA L40S,331.12,99,17979
2026-09-25T20:25:26.712412+00:00,0,NVIDIA L40S,338.49,100,17979
2026-09-25T20:25:31.742904+00:00,0,NVIDIA L40S,330.29,100,17979
2026-09-25T20:25:36.773038+00:00,0,NVIDIA L40S,319.91,100,17979
2026-09-25T20:25:41.801642+00:00,0,NVIDIA L40S,333.17,99,17979
2026-09-25T20:25:46.831771+00:00,0,NVIDIA L40S,336.30,100,17979
2026-09-25T20:25:51.861775+00:00,0,NVIDIA L40S,324.63,100,17979
2026-09-25T20:25:56.889375+00:00,0,NVIDIA L40S,339.03,100,17979
2026-09-25T20:26:01.920697+00:00,0,NVIDIA L40S,336.79,100,17979
2026-09-25T20:26:06.950866+00:00,0,NVIDIA L40S,335.63,100,17979
2026-09-25T20:26:11.981650+00:00,0,NVIDIA L40S,331.20,99,17979
2026-09-25T20:26:17.012030+00:00,0,NVIDIA L40S,335.93,100,17979
2026-09-25T20:26:22.041880+00:00,0,NVIDIA L40S,348.12,99,17979
2026-09-25T20:26:27.071372+00:00,0,NVIDIA L40S,338.64,100,17979
2026-09-25T20:26:32.102035+00:00,0,NVIDIA L40S,328.17,99,17979
2026-09-25T20:26:37.131645+00:00,0,NVIDIA L40S,339.08,99,17979
2026-09-25T20:26:42.164656+00:00,0,NVIDIA L40S,336.90,100,17979
2026-09-25T20:26:47.196289+00:00,0,NVIDIA L40S,340.89,100,17979
2026-09-25T20:26:52.226738+00:00,0,NVIDIA L40S,326.79,100,17979
2026-09-25T20:26:57.258610+00:00,0,NVIDIA L40S,336.76,99,17979
2026-09-25T20:27:02.288882+00:00,0,NVIDIA L40S,334.46,100,17979
2026-09-25T20:27:07.319383+00:00,0,NVIDIA L40S,333.40,100,17979
2026-09-25T20:27:12.349059+00:00,0,NVIDIA L40S,326.11,100,17979
2026-09-25T20:27:17.375506+00:00,0,NVIDIA L40S,334.19,99,17979
2026-09-25T20:27:22.405555+00:00,0,NVIDIA L40S,338.32,100,17979
2026-09-25T20:27:27.437753+00:00,0,NVIDIA L40S,326.67,100,17979
2026-09-25T20:27:32.468056+00:00,0,NVIDIA L40S,331.41,100,17979
2026-09-25T20:27:37.500559+00:00,0,NVIDIA L40S,332.63,99,17979
2026-09-25T20:27:42.530646+00:00,0,NVIDIA L40S,338.33,100,17979
2026-09-25T20:27:47.559821+00:00,0,NVIDIA L40S,334.84,100,17979
2026-09-25T20:27:52.590698+00:00,0,NVIDIA L40S,337.41,100,17979
2026-09-25T20:27:57.621196+00:00,0,NVIDIA L40S,332.17,100,17979
2026-09-25T20:28:02.650553+00:00,0,NVIDIA L40S,334.34,100,17979
2026-09-25T20:28:07.683009+00:00,0,NVIDIA L40S,340.32,99,17979
2026-09-25T20:28:12.714684+00:00,0,NVIDIA L40S,334.82,100,17979
2026-09-25T20:28:17.745357+00:00,0,NVIDIA L40S,333.14,99,17979
2026-09-25T20:28:22.776034+00:00,0,NVIDIA L40S,324.45,100,17979
2026-09-25T20:28:27.806834+00:00,0,NVIDIA L40S,335.43,100,17979
2026-09-25T20:28:32.835866+00:00,0,NVIDIA L40S,337.12,99,17979
2026-09-25T20:28:37.867873+00:00,0,NVIDIA L40S,340.83,99,17979
2026-09-25T20:28:42.898965+00:00,0,NVIDIA L40S,330.67,99,17979
2026-09-25T20:28:47.931249+00:00,0,NVIDIA L40S,334.46,100,17979
2026-09-25T20:28:52.961464+00:00,0,NVIDIA L40S,332.83,99,17979
2026-09-25T20:28:57.993197+00:00,0,NVIDIA L40S,327.51,99,17979
2026-09-25T20:29:03.022582+00:00,0,NVIDIA L40S,330.38,99,17979
2026-09-25T20:29:08.052767+00:00,0,NVIDIA L40S,338.02,100,17979
2026-09-25T20:29:13.084184+00:00,0,NVIDIA L40S,328.89,100,17979
2026-09-25T20:29:18.111120+00:00,0,NVIDIA L40S,328.29,99,17979
2026-09-25T20:29:23.139811+00:00,0,NVIDIA L40S,331.36,99,17979
2026-09-25T20:29:28.170545+00:00,0,NVIDIA L40S,340.28,100,17979
2026-09-25T20:29:33.200127+00:00,0,NVIDIA L40S,330.78,100,17979
2026-09-25T20:29:38.227418+00:00,0,NVIDIA L40S,333.23,99,17979
2026-09-25T20:29:43.258819+00:00,0,NVIDIA L40S,338.89,100,17979
2026-09-25T20:29:48.290532+00:00,0,NVIDIA L40S,337.39,100,17979
2026-09-25T20:29:53.321105+00:00,0,NVIDIA L40S,341.21,99,17979
2026-09-25T20:29:58.347724+00:00,0,NVIDIA L40S,330.32,100,17979
2026-09-25T20:30:03.378122+00:00,0,NVIDIA L40S,334.66,100,17979
2026-09-25T20:30:08.408296+00:00,0,NVIDIA L40S,338.00,100,17979
2026-09-25T20:30:13.439618+00:00,0,NVIDIA L40S,340.73,99,17979
2026-09-25T20:30:18.466978+00:00,0,NVIDIA L40S,329.42,99,17979
2026-09-25T20:30:23.496468+00:00,0,NVIDIA L40S,335.22,100,17979
2026-09-25T20:30:28.525409+00:00,0,NVIDIA L40S,341.62,99,17979
2026-09-25T20:30:33.554536+00:00,0,NVIDIA L40S,340.15,100,17979
2026-09-25T20:30:38.581366+00:00,0,NVIDIA L40S,330.52,99,17979
2026-09-25T20:30:43.610686+00:00,0,NVIDIA L40S,338.03,100,17979
2026-09-25T20:30:48.639965+00:00,0,NVIDIA L40S,338.28,100,17979
2026-09-25T20:30:53.669164+00:00,0,NVIDIA L40S,339.46,100,17979
2026-09-25T20:30:58.699198+00:00,0,NVIDIA L40S,329.73,99,17979
2026-09-25T20:31:03.730433+00:00,0,NVIDIA L40S,331.80,99,17979
2026-09-25T20:31:08.762057+00:00,0,NVIDIA L40S,337.70,100,17979
2026-09-25T20:31:13.788962+00:00,0,NVIDIA L40S,330.08,99,17979
2026-09-25T20:31:18.817688+00:00,0,NVIDIA L40S,331.37,100,17979
2026-09-25T20:31:23.849169+00:00,0,NVIDIA L40S,341.21,100,17979
2026-09-25T20:31:28.880006+00:00,0,NVIDIA L40S,338.58,99,17979
2026-09-25T20:31:33.909038+00:00,0,NVIDIA L40S,324.30,100,17979
2026-09-25T20:31:38.937003+00:00,0,NVIDIA L40S,327.42,99,17979
2026-09-25T20:31:43.967246+00:00,0,NVIDIA L40S,329.88,100,17979
2026-09-25T20:31:48.998313+00:00,0,NVIDIA L40S,334.16,99,17979
2026-09-25T20:31:54.025876+00:00,0,NVIDIA L40S,329.77,99,17979
2026-09-25T20:31:59.058288+00:00,0,NVIDIA L40S,330.58,100,17979
2026-09-25T20:32:04.089163+00:00,0,NVIDIA L40S,338.21,100,17979
2026-09-25T20:32:09.120347+00:00,0,NVIDIA L40S,340.02,100,17979
2026-09-25T20:32:14.147948+00:00,0,NVIDIA L40S,330.91,99,17979
2026-09-25T20:32:19.177222+00:00,0,NVIDIA L40S,332.83,100,17979
2026-09-25T20:32:24.207712+00:00,0,NVIDIA L40S,330.47,99,17979
2026-09-25T20:32:29.237478+00:00,0,NVIDIA L40S,340.87,100,17979
2026-09-25T20:32:34.264970+00:00,0,NVIDIA L40S,331.93,99,17979
2026-09-25T20:32:39.296478+00:00,0,NVIDIA L40S,332.48,100,17979
2026-09-25T20:32:44.326397+00:00,0,NVIDIA L40S,313.85,71,17979
2026-09-25T20:32:49.358289+00:00,0,NVIDIA L40S,337.89,100,17979
2026-09-25T20:32:54.389522+00:00,0,NVIDIA L40S,337.82,99,17979
2026-09-25T20:32:59.420293+00:00,0,NVIDIA L40S,326.67,99,17979
